{
  "name": "sweetalert2",
  "homepage": "https://sweetalert2.github.io/",
  "authors": [
    "Limon Monte <limon.monte@gmail.com> (https://limonte.github.io)",
    "Matthew Francis Brunetti (https://github.com/zenflow)",
    "Morgan Touverey-Quilling <mtouverey@alembic-dev.com> (https://github.com/toverux)",
    "Joseph Schultz (https://github.com/acupajoe)",
    "Sam Turrell <sam@samturrell.co.uk> (https://github.com/samturrell)",
    "Johan Fagerberg (https://github.com/birjolaxew)"
  ],
  "ignore": [
    "assets",
    "test",
    "utils",
    ".appveyor.yml",
    ".babelrc",
    ".editorconfig",
    ".gitignore",
    ".sass-lint.yml",
    ".travis.yml",
    ".github",
    "gulpfile.js",
    "karma.conf.js",
    "package.json",
    "release.js",
    "tslint.json",
    "yarn.lock",
    "DONATIONS.md"
  ],
  "description": "A beautiful, responsive, customizable and accessible (WAI-ARIA) replacement for JavaScript's popup boxes, supported fork of sweetalert",
  "main": [
    "dist/sweetalert2.js",
    "src/sweetalert2.scss",
    "dist/sweetalert2.css"
  ],
  "keywords": [
    "sweetalert",
    "sweetalert2",
    "alert",
    "modal",
    "confirm"
  ],
  "repository": {
    "type": "git",
    "url": "git://github.com/sweetalert2/sweetalert2.git"
  },
  "license": "MIT",
  "version": "7.28.7",
  "_release": "7.28.7",
  "_resolution": {
    "type": "version",
    "tag": "v7.28.7",
    "commit": "f4a47de63a9f9d1ca67a78a6aae1012c880048e4"
  },
  "_source": "https://github.com/sweetalert2/sweetalert2.git",
  "_target": "^7.28.7",
  "_originalSource": "sweetalert2",
  "_direct": true
}